{"cameraMode":{"drawMode":0,"name":"Shaded","section":"Shading Mode"},"sceneLighting":true,"audioPlay":false,"sceneViewState":{"m_AlwaysRefresh":false,"showFog":true,"showSkybox":true,"showFlares":true,"showImageEffects":true,"showParticleSystems":true,"showVisualEffectGraphs":true,"m_FxEnabled":true},"in2DMode":false,"pivot":{"x":7.2437238693237309,"y":14.975517272949219,"z":-2.057784080505371},"rotation":{"x":0.6696999073028565,"y":0.0033351092133671047,"z":-0.0030137246940284969,"w":0.7426239252090454},"size":46.11894607543945,"orthographic":false}